A_0,η_0,A_1,η_1,skill_factor,success,labor_efficiency,Y_0,Y_1,tech_adoption_rate,A_1_eff,η_1_eff,error_type
0.6964759206882722,0.8652854382577975,0.7977544534423966,0.7436062285153374,0.5,true,0.9999259765109398,0.6367939811277084,0.6830387863537266,0.999998774299738,1.1454155206355372,0.7436063776575766,none
0.6607019459680831,0.8774109674444805,0.9961738882717747,1.3537189811692047,0.5,true,0.9988669391432886,0.5480308017471657,0.7557183117968247,0.9999997885252065,1.5077506936479308,1.353718880442066,none
0.8684908256133884,1.06639621924758,1.1215354806919366,1.3600478240408815,0.5,true,0.9995690307601487,0.7594893066026812,0.9110926281868248,0.9999985265530337,1.2913609157033425,1.3600473913608153,none
0.783858806850651,1.2458919680333258,0.9393839399051007,1.0357771963863096,0.5,true,0.9997793080628187,0.7044822707265957,0.7885529861501426,0.9999990181754158,1.1984094316435778,1.0357774026821578,none
0.9042020551120835,1.3472688068986078,1.083151514468797,1.206471089790881,0.5,true,0.9999008900329612,0.8128442055784915,0.9094190975263788,0.9999990167680525,1.197908512147438,1.2064712282276946,none
0.8563839057376543,1.5438733347039468,0.9032279466636127,0.9017286934777912,0.5,true,0.9979424975146264,0.807401129215095,0.8013583539327584,0.9999989883802561,1.0546997593296108,0.9017293430839887,none
0.669747043981958,1.0108838438343626,1.125577181497866,1.2310381086967799,0.5,true,0.9997577193063122,0.5376811065104686,0.8138803672871164,0.9999998063917472,1.6806003152373914,1.2310380660730973,none
0.6727093613588679,0.6461006545541744,1.0018039213576766,1.125356949875998,0.5,true,0.9988528848936729,0.5602069375651204,0.76416076173345,0.9999997856024712,1.489207536486455,1.1253568471246327,none
0.8898660164480172,1.0990685879700066,0.8898660164480172,1.0990685879700066,0.5,true,1.0,0.8587097197779004,0.80814252225089,0.49999999999986006,1.0,1.0990685879700066,none
0.4480724376749704,0.8023114537959445,0.8917837811879287,1.082292773220626,0.5,true,0.9996082062757603,0.3432753184099756,0.598150251806363,0.9999994777272598,1.9902664713701603,1.0822926269940152,none
0.6945848491231704,0.7827551307157706,0.9282853725498816,1.084288348149507,1.0,true,0.9990916044246214,0.5998987232285267,0.7427512444251364,0.9999992829116,1.3364604859115417,1.0842881319235345,none
0.84989531425495,1.20479672929917,1.1854248010224202,1.1981647134989304,1.0,true,0.9999995601640637,0.723889170518757,0.9309278378035736,0.9999997658234989,1.3947891023360761,1.1981647150519927,none
0.7843982125315846,1.1190634073721808,1.1362781669059752,1.3619001035714613,1.0,true,0.999410651188054,0.6594177383940572,0.8774666555280606,0.9999997783425864,1.4485985189103436,1.3619000497449072,none
0.6932577222943951,0.7296773774824985,0.9526894330205633,1.1762983949853896,1.0,true,0.9980092685453403,0.5925286836719817,0.7528598982679869,0.9999997590267755,1.3742210722896262,1.176298287361683,none
0.965200097977696,1.1987520514782017,0.965200097977696,1.1987520514782017,1.0,true,1.0,0.9314061783956734,0.8765580741806733,0.49999999999999994,1.0,1.1987520514782017,none
0.9433711002240913,1.1000585239804364,1.047497666120265,0.9989901506191499,1.0,true,0.9998978630409678,0.8729092549430265,0.9090855447363092,0.9999962364263507,1.1103766841950529,0.9989905309974166,none
0.9836885382660281,1.3989989631839652,0.9836885382660281,1.3989989631839652,1.0,true,1.0,0.9492472950196068,0.8933485735265605,0.49999999999999994,1.0,1.3989989631839652,none
0.7850059292343958,1.203303445708101,0.990599919811742,1.2399386156821923,1.0,true,0.9999865788662541,0.6924065342190351,0.8129718584112032,0.9999984012362024,1.2619007758089538,1.239938557111209,none
0.6644791630771413,1.0330675779014444,0.9376678217208622,1.2938904063527872,1.0,true,0.9993201773080134,0.5634475800543814,0.7325138468700904,0.9999997698504697,1.4111319224885375,1.2938903463245357,none
0.7558271016486013,0.9830924598378575,0.9975443212893211,0.9151575098471318,1.0,true,0.9999538505795936,0.6561028161991379,0.8026854819448285,0.9999997396750485,1.3198048286287507,0.9151575275322944,none
0.7488272559458069,1.1948354234926999,0.9761573535292365,1.1189749859058058,2.0,true,0.9998849174558099,0.6528259283597686,0.7897528836367878,0.9999985659320465,1.303581059278475,1.1189750946948283,none
0.8102423566832156,0.8836275464078198,0.9764038682704693,1.464465703521315,2.0,true,0.9932977906796016,0.7229454472771562,0.8168692321814072,0.9999979790154964,1.205075894152962,1.4644645296564005,none
0.8387646037146795,1.0626599734307753,0.9324377393769815,1.265911122578814,2.0,true,0.9991744675672635,0.7753136372950498,0.8087308604177788,0.9999963127227351,1.1116794746089964,1.2659103731354726,none
0.8253068533703207,1.052164306538002,1.0718134532539243,1.2789224258700544,2.0,true,0.9989726721512492,0.719938645237303,0.8684639875020584,0.9999997291669233,1.2986847038950415,1.2789223644564554,none
0.864987176734156,1.1522878486885029,1.0878965726029315,1.40713021694176,2.0,true,0.9987027963876459,0.7630938640102707,0.8939619444795719,0.9999984148468053,1.257702135382919,1.407129812977566,none
0.6518081556998998,0.873630886470189,0.9237768832321791,1.296911790217465,2.0,true,0.9964294616040839,0.5506463127657729,0.7199843589526871,0.9999997702984221,1.4172526266852223,1.2969116929891735,none
0.6541528785994452,0.9112366627733248,1.2782587913946546,1.4194200738871279,2.0,true,0.9948615380219631,0.5017021421001269,0.8638168272957714,0.9999994732388828,1.954066861827016,1.4194198061958665,none
0.8293914725677295,1.1776622873460347,0.96772916462492,1.087515516905541,2.0,true,0.9998374983892642,0.7529537899823301,0.8219014836353242,0.9999975923747935,1.166793804334152,1.0875157339451778,none
0.582554402384055,0.8012133699521813,1.174946633382838,0.8502850067316368,2.0,true,0.9999518418587996,0.4449071688743104,0.7834776998851901,0.9999994787671016,2.016886868934728,0.8502849811538853,none
0.7393218418361727,0.8619261455076308,1.0172987911504323,1.121228130836811,2.0,true,0.9986570561773765,0.6319461316677099,0.8035368747901678,0.9999997598344825,1.3759890034675575,1.1212280685614155,none
0.639610330488112,1.0392911196603725,0.9449134779902304,1.061459623157955,3.0,true,0.9999852569473116,0.534500839349413,0.7234414583286898,0.9999997839535083,1.4773266893757886,1.0614596183685276,none
0.5021529192322216,0.7009260034087933,1.1137840779572754,1.2374319619095755,3.0,true,0.9914387772060476,0.37225294428227185,0.7111713984937016,0.9999994750415359,2.2180170904497922,1.2374316802662315,none
0.5354987666173845,0.7559599817658369,1.0906650809548015,1.0767974390651063,3.0,true,0.9969214099923857,0.4070052432552264,0.7238158177696936,0.9999994773434329,2.0367269894624513,1.0767972713773022,none
0.7369124793903736,0.9437761917378082,0.8012787446579857,0.8718886265893475,3.0,true,0.9998449909084263,0.6874578447254533,0.7017615067067711,0.9999950411872769,1.0873454418095958,0.8718889830663202,none
0.569221661648501,1.0357859675175158,1.0671725458101395,1.0038226973442788,3.0,true,0.9999693514315086,0.44314416628323705,0.7350893874212763,0.9999998148413303,1.8747924148206505,1.0038227032625553,none
1.027055349729921,1.4346142346958013,1.0509174673634027,1.3956522131672555,3.0,true,0.9999544614604375,0.9817954757575335,0.9449750534734396,0.9999938491479413,1.0232333835439358,1.3956524528168859,none
0.6598508785551329,0.8155251346550915,0.9106633294810651,1.1144537477232195,3.0,true,0.9973264190098329,0.562851869748697,0.7182236904112259,0.9999997605586629,1.3801046554946845,1.1144536761473527,none
0.9266885878351954,1.1433772573372185,1.114631444969322,0.9573583946796874,3.0,true,0.9989629880045516,0.831173979612503,0.9340515937789658,0.9999990307916935,1.2028110386223645,0.9573585749707143,none
0.7296028588722118,0.7571581186163892,0.8730043644607628,0.8084249409656603,3.0,true,0.9999211577601478,0.6561743946522842,0.7333453832708131,0.999999012204285,1.1965471519105912,0.8084248903245129,none
1.0251720676645193,1.0104614043316735,1.0251720676645193,1.0104614043316735,3.0,true,1.0,0.9892783887424196,0.9310223395321241,0.49999999999999994,1.0,1.0104614043316735,none
0.8697380521313532,1.069725799665948,0.9981845243477927,1.1278903624690308,4.0,true,0.9998646943904614,0.7945694593084899,0.8539025359820163,0.9999972842347342,1.147683688291211,1.1278902045077315,none
0.814401608177594,1.2433645258536736,0.8420782593894677,1.2155740163766975,4.0,true,0.9999691087227284,0.7752303034356384,0.753775086352513,0.9999957091827392,1.0339838872842522,1.2155741356206953,none
0.8077532547549655,1.054015646422208,0.8806591720745486,0.9637937393512627,4.0,true,0.999674509918276,0.7526496648695509,0.770368162244773,0.9999944093640893,1.0902571537780554,0.9637942437490963,none
1.0228166242170553,1.0723294207937475,1.0975016394497734,1.0358533299001202,4.0,true,0.9999467827062063,0.9592649974342782,0.9667603166806208,0.9999992272629825,1.073018912435073,1.0358533580865459,none
0.6884654696448184,0.9016128825519705,0.9110855550197745,1.1394940370110649,4.0,true,0.9977416202939815,0.5960223520480435,0.7320143446902329,0.9999986267883786,1.3233564927886916,1.139493710349899,none
0.9097923327636672,0.7812930538180007,0.9097923327636672,0.7812930538180007,4.0,true,1.0,0.8779383690164873,0.8262388459994654,0.49999999999999994,1.0,0.7812930538180007,none
0.977144043046968,0.8676797132427864,1.114562825682892,1.2582068473007106,4.0,true,0.993936568256182,0.8905637071072285,0.9551960078277338,0.999997011215218,1.1406326660829396,1.2582056800991555,none
0.7865520785211412,0.9477698490115214,1.0431910872885424,1.1006875318831109,4.0,true,0.9990655238962701,0.6811265511480009,0.8375010854163584,0.999998640466976,1.3262831119087757,1.100687323986471,none
0.5607154707331444,1.0119175806175098,0.9882488481984655,1.0001568095545688,4.0,true,0.9999944674071304,0.4440725470122029,0.6996691893161262,0.9999994613359454,1.7624778867068749,1.0001568158896734,none
1.064492857793378,1.4798837719236542,1.064492857793378,1.4798837719236542,4.0,true,1.0,1.027222465770751,0.9667319878660092,0.49999999999999994,1.0,1.4798837719236542,none
0.9766704623555638,1.157894373862522,1.0715114497135652,1.3449389118600394,5.0,true,0.998253787305802,0.9067787538475129,0.93457683833675,0.9999955202129075,1.0971060005867597,1.3449380739403325,none
1.0207667680908559,1.3502256989654395,1.0207667680908559,1.3502256989654395,5.0,true,1.0,0.9850273290407154,0.9270216137566398,0.49999999999999994,1.0,1.3502256989654395,none
0.7857869058364614,1.0485506178495934,0.9151198220527924,1.0284544256610912,5.0,true,0.9999798076591794,0.7139593268914041,0.7778778622970961,0.9999975618978297,1.1645899160813762,1.028454474657661,none
0.5349404424763446,0.9791721925363484,1.0267438901513306,1.0056255701536263,5.0,true,0.9999650122015712,0.4138425032746393,0.699896419670233,0.999999474830837,1.9193606434359818,1.005625556261128,none
0.551402113273801,0.9317994512710535,0.9033845689185805,0.949166090466296,5.0,true,0.9999849202254865,0.4461223093703894,0.6606631748253968,0.9999998033679707,1.6383406555044826,0.9491660870514584,none
0.7448674233801913,0.8782114738086962,1.2199610281130981,1.5018112355191267,5.0,true,0.9809270262828151,0.5937251067966456,0.8898729631740105,0.9999997980222557,1.6378229116513228,1.5018111095658533,none
0.7324971090984597,0.6874249867746707,0.9992782399494724,0.9638080123124889,5.0,true,0.9961951551675255,0.6267337714926933,0.7920184256046187,0.9999997550552945,1.364207670160958,0.96380794461393,none
0.851032230405284,0.9964911319603172,0.9218012353205991,1.2916092931904442,5.0,true,0.995664199023945,0.7924652756116806,0.8081746638068179,0.9999937488759088,1.0831561484995482,1.2916074483701967,none
0.374941415852545,0.7730612148762804,1.1642809979155218,1.1610875369437734,5.0,true,0.9925280376071973,0.259911693475334,0.6411017543150359,0.9999994411519787,3.1052332646349754,1.1610873200960312,none
0.7420619618788359,0.8579377904676369,0.9043552244396589,1.3988429354426133,5.0,true,0.9855820568735185,0.6552907174694923,0.7520267664536426,0.999998032062868,1.218705379759628,1.3988418709752937,none
0.8330360485167378,1.2034896286504115,1.1381279412069902,0.906147399786895,0.5,true,0.9995581335416951,0.7142894654382198,0.9019159145945898,0.9999997571098943,1.3662408357113498,0.9061474720083804,none
0.9256367389113797,1.02912795942276,1.0982096282662968,0.8829799913686638,0.5,true,0.999893215722462,0.8351032934194877,0.9259488964758852,0.9999978407715427,1.186436546299558,0.8829803069355153,none
1.1046368734786,1.3295072935607812,1.155662853841973,0.961704506901047,0.5,true,0.9993240643325847,1.0460011769360336,1.0291352550798125,0.9999988291625201,1.0461924835620935,0.9617049375383349,none
1.230976284806116,0.9898217080807576,1.230976284806116,0.9898217080807576,0.5,true,1.0,1.1878769174694626,1.117925913841612,0.49999999999999994,1.0,0.9898217080807576,none
0.7333670468573125,1.1766039248182967,1.1353535197456952,1.1562112523679822,0.5,true,0.9999979206997304,0.6037662613825482,0.851418240688925,0.9999997943599308,1.5481380598521344,1.1562112565615328,none
0.806174394321101,0.7434575680708019,1.0328223129322918,0.9301339214175144,0.5,true,0.9998257901474341,0.7071366191815851,0.8419913424805296,0.9999997200203437,1.2811399825533407,0.9301338691519332,none
0.8107191129267876,0.857729470287295,1.0866150973690012,1.1264841525252043,0.5,true,0.9996389851646981,0.6998052948215595,0.8684044362350541,0.9999997479657318,1.3403101154368444,1.1264840847898145,none
0.8712899326788757,0.7422195541077587,1.072695947235753,1.21502876890581,0.5,true,0.9988835091535868,0.7747524091496792,0.8897776912607307,0.9999982212138767,1.2311580207054726,1.2150279278793397,none
0.6876246460171765,0.9067568118707817,1.0768647164894085,1.2169433385004889,0.5,true,0.999519153475168,0.5638634482576117,0.8033927841776033,0.999999421020642,1.5660644180873975,1.2169431589088928,none
0.9980326597122471,0.863596239291837,0.9980326597122471,0.863596239291837,0.5,true,1.0,0.96308919512577,0.9063753598862547,0.49999999999999994,1.0,0.863596239291837,none
0.6354486067860998,1.0939202951208566,1.1083449724141432,0.9829488715241524,1.0,true,0.9998768686414277,0.5047132414446408,0.7883259739142768,0.999999810064011,1.744192796644509,0.9829488926016196,none
0.865435228583391,0.8112374872680557,0.975840826313193,1.36379019370709,1.0,true,0.9969561682555986,0.7941713999828963,0.8408884547436716,0.9999967261722621,1.1275719229290138,1.363788384744713,none
0.7921994479720784,1.0587765097494086,1.1630700116000652,1.0145199860564782,1.0,true,0.9999804139932529,0.6633546321800269,0.8929213853012746,0.9999997823109251,1.4681529176054013,1.0145199956906399,none
0.9242479675024914,1.0003197045453163,1.2491306217134004,1.3148337968724797,1.0,true,0.9990117868793942,0.7951148390654629,0.9945418269606977,0.9999997518491447,1.351510184511306,1.3148337188255388,none
0.9958132363081044,0.8332479004619352,1.237055534533313,1.1875540340777246,1.0,true,0.9987462476751984,0.8824857751542553,1.022061885459204,0.9999991355870114,1.242256359823673,1.1875537278109007,none
0.6578121959605001,0.757509880635502,1.0688822928617352,1.1070204803653307,1.0,true,0.9987799143182182,0.5330377564516192,0.7844209492914946,0.9999998019227034,1.6249048254226426,1.107020411135216,none
0.8981540624811916,0.8630872450853708,1.2637437743460542,1.3324605045008249,1.0,true,0.9978017314853435,0.7614219044578668,0.9882951899485475,0.9999997682501939,1.4070455642426867,1.332460395723663,none
0.8969892206747603,0.895127962070791,1.0466634465123346,0.9443858442029741,1.0,true,0.9999757373158827,0.8143932183728398,0.888936171970566,0.9999975948906105,1.1668625022518064,0.9443857257323793,none
0.7411931307570336,1.0253169667105495,0.941404900053476,0.9190479411307763,1.0,true,0.9998870820745982,0.6521846295073838,0.7703883438467516,0.9999983145580756,1.2701204632679775,0.9190481202410472,none
1.0357952967614685,1.1019751814685506,1.0767249323229653,1.2203062318047004,1.0,true,0.9998599982736786,0.9837677094459043,0.9615775330346373,0.9999962677776923,1.0395150305576484,1.2203057901669148,none
0.924447959880297,1.2118459384398277,0.9512163275641595,0.9028081496207361,2.0,true,0.9980935737549926,0.8803941843218503,0.8530312428698943,0.9999949085274508,1.0289559094239544,0.9028097230781545,none
0.8956091555288934,1.4605821263508099,0.8956091555288934,1.4605821263508099,2.0,true,1.0,0.864251778087386,0.8133582230605275,0.49999999999999994,1.0,1.4605821263508099,none
1.0178341075873854,1.0894779170630016,1.0178341075873854,1.0894779170630016,2.0,true,1.0,0.9821973478608621,0.9243582828592084,0.49999999999999994,1.0,1.0894779170630016,none
0.6823643513669535,1.1706309849043568,1.1461572569541865,1.141371060915374,2.0,true,0.9999828774490278,0.5479945809589766,0.8289882518131474,0.9999994487536218,1.6796847593136657,1.1413710770448011,none
0.7800915432626416,0.8185950612495085,1.4097383165804596,1.3718751182918352,2.0,true,0.9939148854765434,0.6105843384795192,0.9861960451866981,0.9999994621942982,1.8071442898313839,1.3718748207346658,none
0.7900088248725903,1.053645869486791,1.1678925917102287,1.3383707356252628,2.0,true,0.9983812602805341,0.6592074068339905,0.8936840345482965,0.9999997836034126,1.4783284352878268,1.3383706740117733,none
1.017880007426289,1.1973137814219572,1.017880007426289,1.1973137814219572,2.0,true,1.0,0.9822416406387346,0.9243999673497911,0.49999999999999994,1.0,1.1973137814219572,none
0.7716457661464415,0.762931250029522,0.9184726319051115,1.1967949457688511,2.0,true,0.9962493821616715,0.6933151674446693,0.7729005754471696,0.9999978487229937,1.1902771405416424,1.1967940124078587,none
0.6898505639721296,0.8477457327782336,0.9801315356240227,0.7320034283179853,2.0,true,0.9997321462659962,0.5838186532088464,0.7634302711767694,0.9999997723505266,1.4207880963351798,0.73200345466666,none
0.925197023281333,0.8611884142151411,0.9959540115397306,0.9130888838722679,2.0,true,0.9999461303729222,0.8666052050042732,0.8760848072003731,0.9999940058879729,1.0764772933251947,0.9130885727750385,none
1.1348687722141506,0.8831734845393706,1.18721537479803,1.1232537661308561,3.0,true,0.9982738398541756,1.073750189858025,1.057099561188849,0.9999967263205755,1.0461255367136015,1.123252980184978,none
1.1251387080423525,1.336200294123673,1.199103999689791,1.2728502900010599,3.0,true,0.9998796193212695,1.0580295919277563,1.0593730589121506,0.9999936929668313,1.0657384059558161,1.2728506895516372,none
0.9208069918402714,1.2623272564590415,1.200409161333503,1.403288968139841,3.0,true,0.9994042507171856,0.8024374215299387,0.9710924113921956,0.9999985629986309,1.3036486149456092,1.4032887655776685,none
0.9875810288063491,1.194331330937605,1.1756122330708225,1.6217967506425977,3.0,true,0.9945481092324362,0.8860915036352466,0.9889964354343527,0.9999978350766513,1.1903953110749754,1.6217958252127298,none
0.9246991997450985,1.1011308873074586,1.0955233149261252,0.896723857515835,3.0,true,0.9987481076723556,0.8339452713585515,0.9241096176706658,0.9999978107359876,1.1847343884898223,0.8967243050167892,none
1.2002035209645507,1.296717124508307,1.2002035209645507,1.296717124508307,3.0,true,1.0,1.1581815802762754,1.089979258358779,0.49999999999999994,1.0,1.296717124508307,none
0.8322007574831264,1.0159923777665492,1.2640707320488325,1.2495976357808258,3.0,true,0.9983655340429781,0.6883852702926938,0.9557458340826747,0.9999997900056938,1.5189491597936056,1.2495975867250517,none
0.6614669884889658,0.8109196207547364,1.2591769487144966,1.511052991428933,3.0,true,0.9855075338645698,0.5071096948133819,0.8597301978913882,0.999999464340922,1.9036121990337773,1.511052616396137,none
0.8105190764322096,0.9935551243477541,1.355644894402135,1.6324879201865896,3.0,true,0.9879011267948761,0.6455887189525048,0.9806641176752473,0.99999980266524,1.6725637017665513,1.6324877941029396,none
0.9805221648300632,1.0461710760460985,1.1646357252968829,1.1283387148887827,3.0,true,0.999797496258997,0.8841811519447688,0.9814597137989504,0.9999978545169828,1.1877705288653129,1.128338538599509,none
1.0144056060055047,1.2204802930406988,1.0144056060055047,1.2204802930406988,4.0,true,1.0,0.9788888861618904,0.9212446479246125,0.49999999999999994,1.0,1.2204802930406988,none
0.8844215438387018,1.007035932026148,1.117575455924593,0.9866345923557976,4.0,true,0.9999833517437274,0.7797097279148171,0.9166298087348225,0.9999984091104648,1.263622638760928,0.9866346248120754,none
0.8645962940868795,0.7159793539495196,1.1305603128501982,1.1438628004696068,4.0,true,0.9927298929571811,0.7486651472211112,0.9124811231298482,0.9999985538480557,1.3076159774890388,1.1438621816851287,none
0.8108096604851198,1.222895822168073,1.1992459660322963,1.25818161565352,4.0,true,0.9999501990128766,0.6772882283328447,0.9176786700156675,0.9999997842455509,1.47907201982264,1.258181608040453,none
1.0841208371464344,1.1808335165912196,1.0841208371464344,1.1808335165912196,4.0,true,1.0,1.046163223523639,0.9845573733149139,0.49999999999999994,1.0,1.1808335165912196,none
1.0518626790665697,1.0406592577726128,1.1276221353268803,1.2922845566073402,4.0,true,0.9974738202576123,0.9849144983716481,0.9933323159454175,0.9999932574883134,1.0720236081752803,1.2922828600208223,none
1.0925849722295553,1.025559627904855,1.1482954589822392,1.294604803827399,4.0,true,0.9971129531880375,1.030859057796965,1.0202188511840935,0.999998915022985,1.050989559369833,1.294604511919567,none
0.8273022618301316,0.8178830172795464,1.0096939461533077,0.7932895426621599,4.0,true,0.9999758071149158,0.7386392099434944,0.8408590419772259,0.9999981533022373,1.2204651865660086,0.7932895880788744,none
0.8400614369032691,0.9380787714331634,1.0963159415858537,1.3319112365840535,4.0,true,0.9938341115218985,0.7285661261989269,0.8857514435041055,0.9999985578025861,1.305042136034281,1.3319106685998907,none
0.6899323222005317,0.8675521051251742,1.0015161523916511,0.9841847076758272,4.0,true,0.9994561695938671,0.5796275443074328,0.7726939431122802,0.9999997789670585,1.4516149646780367,0.98418468189618,none
0.7580524685750716,0.9308915718601319,1.0175668179248767,1.0673437189922106,5.0,true,0.9990699069239144,0.6537060209468251,0.8126126767781224,0.9999997484936617,1.3423434324646633,1.0673436846736308,none
0.6748541531708488,0.5332165843806931,1.1339574176486014,1.3286019159563138,5.0,true,0.9693380175933243,0.5289190600807997,0.8164307416297732,0.9999997980633665,1.6802998390257464,1.3286017553388776,none
0.9055310699631057,0.9027726195893868,1.0383572034569553,1.3364647851878961,5.0,true,0.9906831830949967,0.8214769244828684,0.8874131087274153,0.9999995529336569,1.1466830664542162,1.3364645912987256,none
0.8200173572710784,0.973930008164303,0.9184600368529569,0.8680418597569196,5.0,true,0.999439702957781,0.7559425020147643,0.7940419147137815,0.9999965683445767,1.1200490951656532,0.8680422231285584,none
1.0454830525092718,1.220906667576239,1.3405356502622676,1.1074158509685381,5.0,true,0.9993564065666853,0.9164305016145328,1.0923721034725207,0.9999997203949504,1.2822164496561106,1.1074158827011436,none
0.8481213441314326,0.6904131431622951,1.202406630955502,1.128083157760288,5.0,true,0.9905131153430262,0.7130596761691522,0.9362054689661631,0.9999997682251858,1.417729381722481,1.1280830563194015,none
1.0542555886111291,0.9189072848866279,1.1804699085313646,1.0165459283907157,5.0,true,0.9995235651456916,0.9720539575101749,1.0207026129134453,0.9999965567080131,1.119718488278305,1.016545592192357,none
1.156675849168636,0.9986872396681781,1.3437715609096474,1.1883377376380562,5.0,true,0.9982048716887935,1.0504293014854669,1.1431650120191803,0.9999975041270603,1.1617525298106317,1.1883372642945103,none
0.9222594764369437,0.917302193902356,1.084727126923295,1.2288400347303456,5.0,true,0.995170666840123,0.831636151761008,0.9174315400327916,0.9999976800704302,1.1761622165168968,1.2288393119844967,none
1.0486178382653346,1.08008466817014,1.0486178382653346,1.08008466817014,5.0,true,1.0,1.0119032679157656,0.9523148980063645,0.49999999999999994,1.0,1.08008466817014,none
1.0355939355447448,0.7571445117986363,1.3270663000562102,1.0551407072352093,0.5,true,0.9995561886420958,0.9080986072072306,1.0817100720365043,0.9999997200593064,1.2814542195664451,1.0551406238139476,none
1.42628271033363,1.1869319001081258,1.42628271033363,1.1869319001081258,0.5,true,1.0,1.3763452068923925,1.2952957924752801,0.49999999999999994,1.0,1.1869319001081258,none
0.912850994152315,1.069093842688504,1.1249967054367405,0.7134157391594739,0.5,true,0.9993678663999634,0.8117217575740634,0.9328140418642394,0.9999991139062843,1.23239885223595,0.7134160543236062,none
0.7106518016478696,0.3084572746409333,1.428521533442846,1.0888930271980377,0.5,true,0.9969638496502046,0.5419496193723887,0.9535834534816623,0.9999994766691614,2.010156245923815,1.0888926187719408,none
0.9931238956580818,0.6585846762427172,1.153336364882836,1.00922471412022,0.5,true,0.9993856385572366,0.9028776305232055,0.9814872626710739,0.9999975062352392,1.161321332003981,1.0092238397064497,none
1.3833895405888175,1.3925088522741023,1.3833895405888175,1.3925088522741023,0.5,true,1.0,1.3349538276384962,1.2563418446402206,0.49999999999999994,1.0,1.3925088522741023,none
1.0515521632695037,1.2565781669044833,1.221270846455259,1.143850571510034,0.5,true,0.9999364667989057,0.9563924595249165,1.0393529859535267,0.9999975132891789,1.161397852691186,1.1438508518309654,none
1.078102617709362,1.2099965194963294,1.1575508375555001,1.4123443489698673,0.5,true,0.9997953189965213,1.0107417577766513,1.019355766964282,0.9999992328796541,1.0736925758223232,1.4123441937447303,none
1.2735642132064213,0.9891185706191244,1.2735642132064213,0.9891185706191244,0.5,true,1.0,1.2289737425943532,1.1566026530795503,0.49999999999999994,1.0,0.9891185706191244,none
0.8400559695926315,1.0328967661819857,1.3495495235233361,1.199726363979335,0.5,true,0.9998608589473038,0.6836513911569845,0.995563977737558,0.9999994327297094,1.606499189759007,1.1997262693418604,none
1.1204020252329148,1.3124415002068401,1.2641388701529062,0.9419233710232271,1.0,true,0.9986290539832661,1.0292676471933706,1.0892812297271288,0.9999968129440199,1.1282900098228041,0.9419245518852464,none
1.1902034871940248,1.1476568187602423,1.2228651938970148,1.0316340977426959,1.0,true,0.9998654068144769,1.135778077106623,1.0976244858448956,0.9999947455200403,1.0274419756236037,1.0316347073817584,none
0.7626179319772162,0.720274896742687,1.166190694517311,1.0933627113366446,1.0,true,0.9986099902230468,0.6296039470860406,0.8791506964198846,0.9999997915012276,1.5291937960983146,1.0933626335482933,none
0.9783090156131675,0.7791444776245828,1.1564864496365632,0.8716531359231946,1.0,true,0.9999144291823098,0.8838434621639325,0.9766396278535402,0.999997791964485,1.1821275668093671,0.8716529316607916,none
1.0724195254374538,1.2824105697473986,1.45455973050816,1.469963014190034,1.0,true,0.9996483646699293,0.9219157237459435,1.1563916361279063,0.9999997538173981,1.356334533202905,1.4699629680178852,none
0.6907049764246082,0.8413910571120016,1.2407756391147826,0.9143270507833978,1.0,true,0.9999468062579606,0.5440681613832934,0.8710440803949879,0.9999998123546857,1.796390033729594,0.9143270370973003,none
0.923378366134308,1.1532780718174878,1.070765655549177,0.9092832017441448,1.0,true,0.9994050222434795,0.8399507468802806,0.9118066144605281,0.9999974800514392,1.159617036105699,0.9092838165986665,none
0.8518256250089639,0.8550058915199041,1.1227127333746871,1.0904396856509426,1.0,true,0.9994460178976282,0.7394915484088028,0.9038788707766897,0.9999986058402129,1.318007257298651,1.0904393574186144,none
1.2098976364903398,0.9251092441629111,1.2098976364903398,0.9251092441629111,1.0,true,1.0,1.1675362820771964,1.098783085931916,0.49999999999999994,1.0,0.9251092441629111,none
1.113421726550038,1.1819663220825116,1.1503689916669342,1.0037894974862813,1.0,true,0.9996826337386225,1.0599563374876575,1.0300392762805552,0.9999956003041984,1.0331833856652415,1.0037902814101085,none
0.9378310008330565,1.1438077386897143,0.9661551505965627,0.82688858803691,2.0,true,0.9979952916299496,0.8926312361748228,0.8659622287998299,0.9999951057889246,1.0302016153379223,0.8268901391061272,none
0.946706434326955,0.9905796119138496,1.2591333651030858,0.8654812213563915,2.0,true,0.999687106239653,0.8194139857734694,1.0097070371232442,0.9999992764891383,1.3300143459508305,0.8654813118664358,none
0.9696551916154429,0.9450143236243922,1.3305242679342062,1.174772669063527,2.0,true,0.998945336053814,0.8298036659369529,1.0522802418257096,0.9999997587584102,1.3721621792803758,1.1747726136362584,none
0.9891111145122953,0.9385728779363588,1.1374704289676596,0.9442020695951877,2.0,true,0.9999993662478168,0.9030298799900358,0.9722220749722356,0.9999973255828024,1.1499921651914855,0.9442020545403808,none
0.8582572563193955,0.8416269427921645,1.259953854226327,0.9282460323384181,2.0,true,0.9998499652456799,0.7186134813792049,0.9673173472282734,0.999999782246483,1.4680374182430396,0.9282460134768067,none
1.1723774561496358,1.313565961224882,1.1723774561496358,1.313565961224882,2.0,true,1.0,1.1313297712644936,1.0647086830269974,0.49999999999999994,1.0,1.313565961224882,none
0.5726378255657072,0.6687553272529361,1.4254815399780907,1.4032667458840409,2.0,true,0.9893250550379141,0.4130738307288341,0.864630685622738,0.999999467720151,2.4893240061784927,1.403266354918414,none
1.1993804328799338,1.1312320700986056,1.2362878310896566,1.0928940129111586,2.0,true,0.9999706050084186,1.1431318875702918,1.1081374621185769,0.9999952900878758,1.0307719080346338,1.092894193480039,none
1.0880057669821748,0.9101902692108843,1.1661658604714709,0.7393624596695134,2.0,true,0.999416705181635,1.020416184576081,1.0276558696836764,0.9999935230108042,1.0718374751486914,0.7393635661193901,none
0.7593881075089266,0.7628610582966966,1.2163200153683542,1.1912912390937787,2.0,true,0.9963423830712345,0.6168660227495963,0.8980176416814725,0.9999994287501031,1.6017103011212894,1.191290994353082,none
1.0872243067476184,1.3200583130660384,1.2966560230673987,1.281638618264129,3.0,true,0.9999557198039704,0.9790277255897406,1.0907922234266678,0.999999643109354,1.192629653582769,1.2816386319757587,none
1.2913156234355103,1.0603280126019543,1.2913156234355103,1.0603280126019543,3.0,true,1.0,1.2461036343103316,1.1727238097153643,0.49999999999999994,1.0,1.0603280126019543,none
0.7574525291186687,1.1916151997885578,1.169978264322195,0.9147439710882709,3.0,true,0.9977055472528943,0.6229206657097891,0.8779796635229793,0.9999997932388353,1.5446224470188485,0.9147440283344885,none
1.104163998668858,0.9066275029538637,1.2801483379855814,1.1305428373381867,3.0,true,0.998498124324056,1.0037530032006632,1.0900578536866887,0.9999974703454987,1.159382025088037,1.1305422709097532,none
1.1006896669124415,1.277149840045885,1.1499996047891203,0.9754776444729503,3.0,true,0.9972772685988389,1.0411087136891024,1.0243754979816728,0.999996611839011,1.0447989767588082,0.9754786665869148,none
0.9324097427343675,0.8103141787890096,1.3560287597189629,0.7836897886105412,3.0,true,0.9999787347170211,0.7831798854218631,1.0454247823608451,0.9999997796835264,1.454327002645908,0.7836897944763329,none
1.4506145360879847,1.2622674132956222,1.4506145360879847,1.2622674132956222,3.0,true,1.0,1.3998251183498576,1.3173930325908005,0.49999999999999994,1.0,1.2622674132956222,none
0.7475061838877779,0.7241221517545572,1.4905049802633188,0.9913512312105183,3.0,true,0.9978622406205049,0.5716322428314324,0.9986642147019634,0.9999994767349392,1.9939695799249413,0.9913510913788777,none
1.3397263842053517,1.2793106570893826,1.3397263842053517,1.2793106570893826,3.0,true,1.0,1.2928194207843888,1.216688624181239,0.49999999999999994,1.0,1.2793106570893826,none
1.0751323742114125,1.1160017967788516,1.30682562621105,1.0285400663517095,3.0,true,0.9997705668878335,0.9611952371840212,1.0902174645662972,0.9999981156186073,1.215501663756639,1.0285402311629668,none
1.2455167431958634,1.279520811432434,1.2455167431958634,1.279520811432434,4.0,true,1.0,1.201908280302197,1.1311310059572528,0.49999999999986006,1.0,1.279520811432434,none
0.9791564271942633,1.522286827788288,1.2004888145094124,1.0052013392960744,4.0,true,0.989418085434299,0.8654255113046955,0.9962197711271732,0.9999996722001044,1.226043876765059,1.0052015087966435,none
1.1840043723293703,1.0136969306461896,1.5512132574428776,1.2953720863619627,4.0,true,0.996836406045403,1.0279005821541833,1.2516774988903352,0.9999997337710388,1.310141411580629,1.2953720113718785,none
1.0549183950685481,0.9074038225489706,1.3465669720722184,1.054659604146915,4.0,true,0.9991333815615308,0.9260245958540404,1.0994199109401224,0.9999997168713198,1.276465455330924,1.0546595624545798,none
1.0169657399860104,0.9117148380170579,1.2846899762171005,1.170696689115164,4.0,true,0.9973243230624703,0.8947636983428064,1.0534231130805702,0.9999984016881542,1.2632574508635412,1.1706962751814036,none
0.9645142608394592,1.3430278088414123,1.255698578558251,1.0113216207714883,4.0,true,0.9956181384146079,0.838403333003852,1.015862338320265,0.9999985223586535,1.3018969229126527,1.0113221109142667,none
0.7266641636062932,0.9049470358694611,1.2734206900411644,1.2016696277777505,4.0,true,0.9964905888199469,0.5748696541643277,0.9034138636626984,0.9999998096046122,1.7524196867250263,1.2016695712831376,none
0.9825465093392303,1.0944660737142684,1.2640527810319495,0.9906535161962382,4.0,true,0.9995691051531512,0.860382480463472,1.0285690473711535,0.9999985076134689,1.2865063881463135,0.9906536711247008,none
1.0285838931506066,1.0495326284866104,1.2070415594608996,1.049777594961906,4.0,true,0.9999999975996681,0.9318914113465199,1.0226140131935775,0.9999976860362992,1.1734980049309416,1.0497775943950625,none
0.7307145062057709,1.1192735598073518,1.19666873149791,1.2568879518949583,4.0,true,0.9992430648467445,0.5909292140003665,0.8752144373461306,0.9999998031119854,1.6376691985640188,1.256887924800334,none
0.8828491697650682,0.8780951598283525,1.2611487843493072,1.035124572718562,5.0,true,0.998768606930544,0.7452423375211088,0.979835281450616,0.9999997737933337,1.4284984819219033,1.035124537197462,none
0.8639570968484835,0.8824931343449713,1.2540999334005563,1.2155405257931462,5.0,true,0.9944845629791231,0.7229966080003634,0.9668870809009453,0.9999997772498541,1.4515765320649021,1.2155404516067911,none
1.1084288650920133,0.9894771337346664,1.1084288650920133,0.9894771337346664,5.0,true,1.0,1.0696201703894381,1.0066330011642586,0.49999999999999994,1.0,0.9894771337346664,none
0.9713627581649464,0.5571679947054489,1.3382893373156148,1.12561629540381,5.0,true,0.9841002218055696,0.8203681963723893,1.0542546563382982,0.9999997544478697,1.3777440363724112,1.125616155820119,none
1.5644895361692381,1.307887972275207,1.5644895361692381,1.307887972275207,5.0,true,1.0,1.5097130875520097,1.4208099831046763,0.49999999999999994,1.0,1.307887972275207,none
1.1676626502149765,1.011115958757852,1.1676626502149765,1.011115958757852,5.0,true,1.0,1.1267800417455271,1.060426875328387,0.49999999999999994,1.0,1.011115958757852,none
0.9161572898862077,0.9661203197223562,1.0959208835412024,0.9702215219570226,5.0,true,0.9999991590093817,0.8240901550045544,0.9207231980978084,0.9999990112453347,1.1962145778867628,0.9702215179019398,none
1.1535945984978626,1.2690506884821322,1.3361597936345204,0.9572240412522565,5.0,true,0.9951617548350267,1.0462795545367503,1.1376792817230643,0.9999973972911734,1.158257259708339,0.9572248528462235,none
1.0308939408474833,1.2293632213031584,1.1737313234192188,1.1115012753045594,5.0,true,0.9993059142408757,0.9442580395305341,1.007494570167131,0.9999970723277233,1.1385564108304547,1.1115016203657113,none
1.2702850470699143,1.03734086848559,1.2702850470699143,1.03734086848559,5.0,true,1.0,1.2258093877565037,1.1536246389252236,0.49999999999999994,1.0,1.03734086848559,none
1.1180565363502297,1.105445420803602,1.1664867876000102,0.9561186753586991,0.5,true,0.9998885208088903,1.0603611746722366,1.0400993442209323,0.9999965718649011,1.0433163115189423,0.9561191872709563,none
0.8767528820916809,0.9447068041608523,1.0648153284839785,0.8392816927916351,0.5,true,0.9999444310277097,0.7841863367853644,0.8886643925720923,0.9999981090949293,1.2144984004334287,0.8392818921405127,none
1.231394124863482,1.0089147379972687,1.4282954924825697,1.229396016918684,0.5,true,0.9997570003125206,1.1203475433010193,1.2161924181934656,0.9999974880770223,1.1599007734748183,1.2293954630866932,none
0.9052193587171562,0.7177329371527454,1.4128050076701784,1.2106863555483633,0.5,true,0.9987864605163224,0.7426576507403887,1.0555039947259288,0.9999994187482701,1.56073188120647,1.210686069018336,none
1.0093648277945424,0.7773544633421788,1.1190096406398766,0.6748043779524772,0.5,true,0.9999474205677207,0.9345842176861653,0.9718217654036195,0.999996167490889,1.1086271183732077,0.6748047709766137,none
1.1918662076373583,1.1405613217380823,1.4845547631135623,1.0732124021649916,0.5,true,0.9999773211682871,1.056235555386769,1.2253337700696927,0.9999991449456864,1.2455714436201606,1.0732124597519759,none
0.8182464458804587,0.9946090533187966,1.211690565767515,0.9229907999441851,0.5,true,0.9999743547976614,0.6832489679963454,0.9267154021615354,0.9999997845577435,1.4808380618130388,0.9229908153737832,none
1.195209736502231,0.5538674753651321,1.443728423650282,1.2704502233724044,0.5,true,0.9974391256524955,1.0690332781911238,1.2073183341814835,0.9999990435561809,1.2079287357390307,1.2704495380012641,none
1.2065079436860864,0.8380971982677383,1.4752066815092328,1.052057383915024,0.5,true,0.9997711584140049,1.0763026589118576,1.2275078019525665,0.9999981678079082,1.222707398589126,1.0520569918988638,none
1.0489119900366972,1.0662958734138763,1.233818315768647,1.2864943843702603,0.5,true,0.9997576229455774,0.9492770889235157,1.0441804973896924,0.9999977193308321,1.1762835259565723,1.2864938821703056,none
1.4683354119283205,0.9750488257173855,1.4683354119283205,0.9750488257173855,1.0,true,1.0,1.4169255447576603,1.3334864590543343,0.49999999999999994,1.0,0.9750488257173855,none
1.0687348740533706,0.9637718912219967,1.250713747205214,1.1469125334669426,1.0,true,0.9996647090928832,0.9690142311529055,1.0608353376107338,0.9999976392634341,1.1702746377663127,1.1469121011201318,none
0.8806977037360448,0.7007316624009167,1.3902763028959786,0.9194076171538451,1.0,true,0.9995220370194545,0.7204032007105857,1.033552841852936,0.9999997977040169,1.578607726479274,0.9194075729165778,none
1.4733647420190774,1.1494393349587957,1.4733647420190774,1.1494393349587957,1.0,true,1.0,1.4217787862042133,1.3380539056470249,0.49999999999986006,1.0,1.1494393349587957,none
1.0293429474772005,1.0626666029710632,1.1167577584534678,1.1361901405591925,1.0,true,0.9999459463698293,0.96118476201069,0.9790213442233247,0.9999948788176961,1.0849224872267562,1.1361897640317529,none
0.9770194868296416,1.0416876754514157,1.5796231282877196,1.306700663975872,1.0,true,0.9992981743433419,0.7932231515735161,1.1619053463618756,0.9999998013561959,1.6167773825167027,1.3067006113326838,none
0.8578838089168387,0.741034440494678,1.451146767050021,0.9257542425886314,1.0,true,0.9996589024660306,0.6873528921895579,1.0462596319174866,0.9999998070714624,1.6915421849782657,0.9257542069509102,none
1.4563182133935508,1.4311002013304783,1.4563182133935508,1.4311002013304783,1.0,true,1.0,1.4053290965333558,1.322572895714717,0.49999999999999994,1.0,1.4311002013304783,none
0.8877639884466552,1.1455599647101262,1.2734618884002915,1.063716857729536,1.0,true,0.9999330215748778,0.7490425507781752,0.9877490483920205,0.999999775537083,1.4344598546440555,1.0637168761002784,none
1.1232884529016987,1.1041340806985156,1.1232884529016987,1.1041340806985156,1.0,true,1.0,1.0839594891725095,1.020127914499708,0.49999999999999994,1.0,1.1041340806985156,none
0.9902651515362262,1.2188587978362095,1.4511502369900555,1.1780835844097566,2.0,true,0.9999667487595936,0.8297025789540947,1.115006063278305,0.9999997818013726,1.4654157365573781,1.178083593306852,none
0.9396647569594414,0.7794591224995608,1.4044999241784275,0.8399813785947655,2.0,true,0.9999267465280396,0.782251680897141,1.069758222057451,0.9999997868351623,1.49468181571115,0.8399813656935486,none
1.314965557673958,1.0036978473833402,1.4475742838569192,1.4128455320293078,2.0,true,0.9966631640247491,1.217687418320796,1.2604203686396078,0.999995694610541,1.100845344942205,1.4128437704891792,none
1.206316689006561,1.3385058538766879,1.6453608857553097,1.2142634798780176,2.0,true,0.9996913720810635,1.0350629411058616,1.304863590606112,0.999999756413956,1.3639542533107751,1.214263510141726,none
1.4877494949577839,0.8862118127346983,1.4877494949577839,0.8862118127346983,2.0,true,1.0,1.435659895198999,1.3511175919851592,0.49999999999999994,1.0,0.8862118127346983,none
1.246650775892256,1.125690436487907,1.246650775892256,1.125690436487907,2.0,true,1.0,1.2030026078536922,1.1321608913856638,0.49999999999986006,1.0,1.125690436487907,none
0.43861117108060077,0.6289459045200846,1.2884579081749827,1.1968478738756132,2.0,true,0.9935910931741806,0.30729422849118204,0.7270230711307946,0.9999994507594373,2.9375846452572705,1.196847561960816,none
1.3252081069908175,1.1510725701313418,1.3252081069908175,1.1510725701313418,2.0,true,1.0,1.2788094625118909,1.2035036761665658,0.49999999999999994,1.0,1.1510725701313418,none
0.9781591161186515,1.050187931053959,1.263924217379896,1.004456657707665,2.0,true,0.9999581748850458,0.8554725043286324,1.0265477040126996,0.999998531213135,1.292145395185944,1.0044567248771585,none
1.1489958344157132,0.824205277544278,1.5249793103320202,1.1729231426795845,2.0,true,0.997573824282512,0.9935687252770757,1.223645481960436,0.9999986375477107,1.3272274384249219,1.1729226675681308,none
1.0435666207853638,0.6253559234288142,1.2396422455262412,1.107142381602318,3.0,true,0.9930846401583137,0.9359634421196439,1.0436001182926025,0.9999977967857293,1.1878894828934845,1.1071413201235178,none
0.9193024629914056,0.7615706219295331,1.272985694544961,1.4690272222969027,3.0,true,0.985207272459437,0.775757295689989,1.000738972667875,0.9999997570831742,1.3847299010676681,1.469027050443791,none
0.8757104016754564,0.8920600055332941,1.4151991007636995,0.9818977046816044,3.0,true,0.9997579343404853,0.7113237137339768,1.0412355176320245,0.9999998014196734,1.6160582207590801,0.9818976868416047,none
1.6073659552287425,1.5259184060649267,1.6073659552287425,1.5259184060649267,3.0,true,1.0,1.5510883026013842,1.4597487186034694,0.49999999999999994,1.0,1.5259184060649267,none
1.2708037705702173,0.9659384351873672,1.5070342424024834,1.2615013922834488,3.0,true,0.9973861378074191,1.1444193198835162,1.2704384238816724,0.999997810783804,1.185890190242899,1.2615007452322362,none
1.484134301329989,1.0932103021728203,1.484134301329989,1.0932103021728203,3.0,true,1.0,1.43217127798058,1.3478344104243516,0.49999999999999994,1.0,1.0932103021728203,none
1.2358986501586295,1.046901523377006,1.873100072063432,1.4672988886179554,3.0,true,0.9947259470167321,1.020117723998206,1.416877334699081,0.9999997883858456,1.515577298334436,1.4672987996559224,none
1.3752917821399522,1.0825447897356693,1.5088586886927353,1.2391851736040609,3.0,true,0.9992644621175031,1.2779022633175758,1.3162211063949159,0.9999952457574943,1.0971184975274773,1.2391844288976899,none
0.9584163704409913,0.9148513465902353,1.5108596326375918,1.0527671040049313,3.0,true,0.9994297029711589,0.7842574351704696,1.123874509212007,0.9999997974428263,1.5764124730476605,1.0527670760691052,none
1.2427778779717131,1.4130015562599199,1.3469959154164308,1.361661437786588,3.0,true,0.9999209328402209,1.1609127078944184,1.1813618720859165,0.9999948083045617,1.0838585061929948,1.361661704328847,none
1.1435808039267699,1.1315632506362394,1.372268788650731,1.04896797492268,4.0,true,0.9997271957927016,1.0272356851509552,1.151265754687002,0.9999990232564014,1.1999751662227798,1.0489680555970868,none
1.2862988067994923,1.115579082819735,1.6343587345367574,1.1665962062966897,4.0,true,0.999895901021833,1.1316872224247723,1.3372445108574138,0.9999997136575823,1.2705901818714813,1.1665961916883232,none
1.0807266105929436,0.7730446742920375,1.4874356409691392,1.2297477651802893,4.0,true,0.9917259269789767,0.9186288432252666,1.1735790244015318,0.9999997571414627,1.3763291544938394,1.2297476542660446,none
1.1974218460107955,1.1608635929283984,1.3747075050437632,1.068741566793315,4.0,true,0.9996606583234006,1.0936192585416593,1.1757999836692552,0.9999972905253403,1.1480557409843422,1.0687418163956104,none
0.7787474173864026,0.7109415065587189,1.1308659927177056,0.8083636607571685,4.0,true,0.999620501196573,0.6542469158638278,0.8723663185408963,0.9999997791320665,1.452160083870795,0.8083636392397386,none
1.0625761710986559,1.0070455833064444,1.2344872488156873,1.21731240022518,4.0,true,0.998234645442079,0.9649853504772637,1.0501864372089882,0.9999975046883226,1.161786659084933,1.2173118755439365,none
1.5135007679500667,1.16611433575514,1.5135007679500667,1.16611433575514,4.0,true,1.0,1.4605095557168746,1.3745039201767026,0.49999999999999994,1.0,1.16611433575514,none
1.0279343481949985,1.0675747289959139,1.2447183296024718,1.2195725602679544,4.0,true,0.9990767231574628,0.919782218505217,1.0400281036641954,0.9999980749381134,1.2108924217442039,1.2195722676627225,none
1.0238897795151145,1.1735238652447189,1.3186084142154142,1.025292851796356,4.0,true,0.9991218770612751,0.8959366376571158,1.0724028815347084,0.9999985108710393,1.2878417205861903,1.025293072531451,none
0.7244131925164082,0.6951021949512883,1.1545012872487683,1.1638941858439413,4.0,true,0.9912859746697557,0.587020593390148,0.8536530861198482,0.9999994225821153,1.5937051545096765,1.1638939151550616,none
1.1586783748706062,1.4284062946386886,1.3719971796834627,0.9119758518732201,5.0,true,0.9868404724689531,1.0352341870623745,1.1555772085558353,0.9999996194612641,1.1841052083677752,0.9119760483950079,none
0.8829259033375082,0.921987496258885,1.2784544543904872,0.9969633536084981,5.0,true,0.9997190101428401,0.7425319707684526,0.9874910027559567,0.9999997783213688,1.4479746962657138,0.9969633369879527,none
1.1914371756386015,1.1968535819931863,1.6127720092910354,1.1485878981781514,5.0,true,0.9998835348115602,1.0251235655946829,1.283341462953706,0.9999997529731567,1.3536357083583426,1.148587910101071,none
1.1153725992256394,1.0228803681848213,1.4251289464330008,1.1035834535744151,5.0,true,0.9996744567970387,0.9791692791790385,1.1631539458981004,0.9999997179175506,1.277715500672676,1.1035834308094912,none
1.4090963049868648,1.2777157144086762,1.4646288711530147,1.2674073697521928,5.0,true,0.9999946869694641,1.3385171449351818,1.308081248478917,0.9999962626610727,1.0394099100434773,1.2674074082779705,none
1.1744042532015837,1.2975780825476437,1.1744042532015837,1.2975780825476437,5.0,true,1.0,1.1332856053972227,1.0665493431391677,0.49999999999999994,1.0,1.2975780825476437,none
0.8003795100838428,0.7092700916665453,1.5964583696366532,1.2493695217858956,5.0,true,0.9856243201571574,0.6062206970592353,1.067660580766779,0.999999468810774,1.9946262075111156,1.2493692348908971,none
1.343015761592552,1.1880877729787716,1.343015761592552,1.1880877729787716,5.0,true,1.0,1.2959936293530914,1.2196759118056588,0.49999999999999994,1.0,1.1880877729787716,none
1.3363589036864616,0.9573870611509597,1.3567315585809174,0.9161639348500478,5.0,true,0.9999150414818467,1.2815130869762918,1.2240929922502586,0.999990758845457,1.0152447569072982,0.9161643157993287,none
1.1905930881461362,1.2364118878093826,1.4240097745589055,1.3775633490730947,5.0,true,0.999004805352172,1.0701545526481333,1.1962612745946137,0.9999996466555988,1.1960506962960296,1.3775632991980162,none
1.106758978555618,1.1106841497297841,1.6142843097756883,1.204846391141697,0.5,true,0.9999556693462174,0.9287209270120614,1.2429205449564378,0.9999997805021391,1.4585688751147015,1.2048463704732864,none
0.9281939875325256,1.0823567380486783,1.7000562925967877,1.0618585058791936,0.5,true,0.9999978991175865,0.7272386525107652,1.1832344977289317,0.9999998136039007,1.831574187680344,1.0618585096999842,none
1.1109929399044651,0.7711535743854953,1.3343933069659855,1.0682521806732672,0.5,true,0.9995588576424538,0.9974877318314159,1.11901142349798,0.999999026507687,1.2010815204659993,1.0682518914500578,none
1.0786674252492525,0.7270744405406999,1.428669636649555,1.1043092018714187,0.5,true,0.999288977527883,0.9346985661103077,1.1476988681525297,0.999998636042376,1.324476039434714,1.10430868733919,none
1.386302071175219,0.9847129873708617,1.386302071175219,0.9847129873708617,0.5,true,1.0,1.3377643836968975,1.2589868943114313,0.49999999999999994,1.0,0.9847129873708617,none
1.326291909006769,1.1733585312215338,1.7539894203499458,1.5205655798203686,0.5,true,0.9993976010811265,1.149979349279699,1.4099989182507193,0.9999986305405937,1.322475710455845,1.52056510433441,none
0.7219041474965315,0.9455124440562904,1.368032298877125,1.0992954922163198,0.5,true,0.9998817679755079,0.560348606323247,0.9378305089765129,0.9999994733434205,1.895032690051217,1.0992954112254658,none
1.298570360825886,1.0004295712724074,1.4348214286609755,1.1685760065515132,0.5,true,0.9998586549883147,1.2038471784750402,1.2478925672366947,0.9999960189690523,1.1049234831824721,1.1685753371553507,none
0.7921845280570401,0.5920941453299855,1.5528132761488136,1.316295278453487,0.5,true,0.9973845249947433,0.6082591167770651,1.0482738718231532,0.999999475142656,1.9601656204214848,1.3162948983512037,none
1.1435202093433976,1.149810366447841,1.164553288729699,0.7565930909614801,0.5,true,0.9992275101215914,1.0946000887816516,1.0491918495677943,0.9999922077274815,1.018393129670084,0.7565961550176497,none
1.0696262873268647,0.797200895337987,1.1480433583230771,0.5019876647351984,1.0,true,0.999129261865051,1.0024008792762864,1.01103982563393,0.9999933823577831,1.073312102543839,0.5019896183507362,none
0.8633975703598267,0.7151614839171723,1.550726373804775,1.2656544071534808,1.0,true,0.996978734376305,0.6785658116515689,1.088262619743139,0.9999994631372203,1.7960740892023213,1.2656541116143198,none
1.541586654426546,1.186508695112655,1.541586654426546,1.186508695112655,1.0,true,1.0,1.4876120894243638,1.4000104556744317,0.49999999999986006,1.0,1.186508695112655,none
0.7645120431478185,0.7240154135477704,1.3281471118494745,1.0612602091036403,1.0,true,0.9988639519850733,0.6074407188821436,0.9462027762749544,0.9999998094592079,1.7372479823672378,1.0612601448447498,none
1.2675535121620316,1.2391041673252068,1.2675535121620316,1.2391041673252068,1.0,true,1.0,1.2231734902933395,1.1511439626556839,0.49999999999986006,1.0,1.2391041673252068,none
0.6754310366728857,0.8300185570137371,1.6733912292474313,1.3808514697643557,1.0,true,0.9969750125342084,0.490582658913674,1.0182017172346303,0.9999994729279826,2.477515264168961,1.3808511794357412,none
1.119482281395582,1.1298293904472274,1.5429172861546243,1.2909144475340248,1.0,true,0.9997405834822829,0.957178824589643,1.2180205346090407,0.9999997609536094,1.378241719923039,1.2909144090272233,none
1.2522122184388356,0.8205843965112822,1.3846700363719588,1.0035115003503314,1.0,true,0.9996654913083147,1.1603411634704084,1.203835736685802,0.9999960731932678,1.1057786338820506,1.0035107820309486,none
1.3182069467510038,1.0864858527093006,1.3182069467510038,1.0864858527093006,1.0,true,1.0,1.2720534293152894,1.1971454883154669,0.49999999999999994,1.0,1.0864858527093006,none
1.1638686616242915,1.1698639653267058,1.3889847740756431,0.901089074864102,1.0,true,0.9992781225810144,1.0472205168234154,1.168008470575633,0.9999996435551328,1.1934204774408974,0.9010891706675321,none
1.4149171990720524,0.975527224837794,1.6677511642708753,1.4607338574442275,2.0,true,0.9953135665906778,1.2750000772177665,1.4092433379808131,0.9999989330037101,1.1786915132502005,1.4607333397305506,none
1.0704048021372063,1.0521862156620911,1.436685851753703,1.258699027231481,2.0,true,0.9991477765066089,0.92315642307853,1.1473854498578806,0.9999997484690325,1.3421891949233982,1.2586989752871138,none
1.0516644200575787,0.8731144904193746,1.5181285295874298,1.189654997690371,2.0,true,0.9980000508516694,0.8841351185616939,1.1739147278756425,0.9999997768114103,1.4435483377814051,1.1896549270421415,none
1.1005115644087673,1.0888745007741867,1.5943423117456215,1.213329324000778,2.0,true,0.9996903160106494,0.9253400243798581,1.2311977397565046,0.9999997784649199,1.4487282586633452,1.213329296429669,none
1.029302833773592,0.9832117322392945,1.6104027215811973,0.8449814286073893,2.0,true,0.999617994090254,0.8443635490542024,1.201967733456113,0.9999994206295263,1.5645564474014728,0.8449815086939458,none
1.4471781709287268,1.3047666520369865,1.5083602452108316,0.9607877449044211,2.0,true,0.9976391738008729,1.3705719258892621,1.3450679063465718,0.9999964329388047,1.0422766576161373,0.9607889718982328,none
1.0893966015158338,0.5301370921329172,1.457100699271607,1.2961559861746015,2.0,true,0.9884004615031288,0.9326651019794426,1.1636550856881085,0.9999986321773208,1.3375295960076707,1.2961549383965854,none
1.518080396111878,1.4425254941461263,1.518080396111878,1.4425254941461263,2.0,true,1.0,1.4649288403539185,1.3786629645555748,0.49999999999986006,1.0,1.4425254941461263,none
1.1028874578398886,0.8981547249099731,1.7402266126705452,1.041573661564815,2.0,true,0.9995887895022999,0.9023279234200039,1.2939872664373597,0.9999997976459754,1.5778821958051852,1.041573632543416,none
1.50178396719416,1.4167026884655072,1.50178396719416,1.4167026884655072,2.0,true,1.0,1.4492029876405264,1.3638631666918293,0.49999999999999994,1.0,1.4167026884655072,none
1.146432078246224,0.6542482276615399,1.3981330793569067,0.8748979320809844,3.0,true,0.9985415468698825,1.0226828642641688,1.1644848279776785,0.9999981379492334,1.2195511947080928,0.8748975212200332,none
1.6581072183686831,1.1464998883698008,1.6581072183686831,1.1464998883698008,3.0,true,1.0,1.600052995090706,1.505830006817832,0.49999999999999994,1.0,1.1464998883698008,none
1.1890008700483674,0.6979144463715937,1.3183188855220656,1.2950919242918313,3.0,true,0.9894146328247564,1.0915805896991042,1.143086999500722,0.9999994274648325,1.108761856018933,1.295091582386724,none
1.0130786372408207,0.7515168110862385,1.3848255764573694,0.9708927035257826,3.0,true,0.9985583087109786,0.86782827937667,1.0970042493043026,0.9999997569315702,1.3669476733504897,0.9708926502024289,none
1.4528743936618695,1.0849848637828672,1.4528743936618695,1.0849848637828672,3.0,true,1.0,1.4020058530089412,1.3194453494182,0.49999999999986006,1.0,1.0849848637828672,none
1.0634857056815146,0.9128689522969651,1.1647955503469065,1.1126851648986795,3.0,true,0.9988036503819339,0.9884676938539435,1.0167647241684088,0.9999945818024824,1.095261549080926,1.1126840822549724,none
1.049585576344468,0.8701793893883351,1.466453216053377,0.8664287194656817,3.0,true,0.9999995779746291,0.893457882479615,1.1507551602921662,0.9999997664729569,1.397173467084906,0.8664287203415645,none
1.1794313898137994,0.9995351867741729,1.4035492550499782,0.8334600871620272,3.0,true,0.9991732565063814,1.062265555116345,1.181710528877974,0.9999996390247884,1.1900218921344523,0.8334601471110215,none
1.2844389695575475,1.1835642379371616,1.3579265306706412,1.1851035406103154,3.0,true,0.9999999289174819,1.2118193824349317,1.203894590576749,0.9999925559836627,1.05721331710747,1.1851035291517211,none
1.4135457959023419,1.0105700439016352,1.4135457959023419,1.0105700439016352,3.0,true,1.0,1.3640542417134058,1.283728610490647,0.49999999999986006,1.0,1.0105700439016352,none
1.4888005076359134,1.0495037742963624,1.6204711273575039,1.1813725670798665,4.0,true,0.9993049108878116,1.3877362181561324,1.4184795209678278,0.9999981718135071,1.088440579062015,1.1813723259991207,none
1.3557826764660306,0.9815161093684679,1.573119038065108,1.0702639364768067,4.0,true,0.9996850537290146,1.2332858504126738,1.3392928764131045,0.9999974935945188,1.1603028425119983,1.0702637140387665,none
0.6029583137743689,1.0309502352758673,1.47786468500746,1.165921386546572,4.0,true,0.999271842896952,0.43971917696702845,0.903796750382017,0.9999994751944341,2.4510222217530506,1.1659213157129606,none
1.0108013066133548,0.8757668735616831,1.416146499214015,1.2024817021718677,4.0,true,0.9957484516706694,0.856767086421221,1.1092525722765352,0.9999997658919195,1.401013626569366,1.2024816256852864,none
1.357666678482877,1.0530822731679943,1.357666678482877,1.0530822731679943,4.0,true,1.0,1.3101315832751865,1.2329813181367109,0.49999999999999994,1.0,1.0530822731679943,none
1.0625749515990497,0.8931641945385411,1.2355680962280058,0.8733502538605459,4.0,true,0.9999842966342017,0.9660110337603333,1.0509721388005107,0.9999975352905901,1.1628051912863098,0.8733503026961519,none
1.2105174025120051,1.0618864579742022,1.325963298868146,1.0615920580641311,4.0,true,0.9999999965331794,1.126162319006143,1.1576036081837957,0.9999954397483638,1.0953686164727883,1.0615920594066688,none
1.1756486410448512,0.8954935563038715,1.3188050611979736,0.8988246828875405,4.0,true,0.9999995561470161,1.083627055635328,1.13948701748665,0.9999966296619262,1.1217676205880354,0.8988246716605177,none
0.8869192892548565,0.7091063909276735,1.387326332558795,0.9543288439979278,4.0,true,0.997600412605726,0.7264642503089471,1.035272044740507,0.9999994188921022,1.5642077679174946,0.9543287014972236,none
1.1299839995262833,0.917941869139224,1.433411966981124,1.4106691563789409,4.0,true,0.9903821989133021,0.9872315988724829,1.1720424997494305,0.9999997069018061,1.268524048701447,1.4106690119614629,none
1.470923984524302,1.0805811043498152,1.470923984524302,1.0805811043498152,5.0,true,1.0,1.419423485354822,1.3358373023813963,0.49999999999999994,1.0,1.0805811043498152,none
0.9859668429344346,0.8965920181538798,1.5987419690859905,1.1996524882844475,5.0,true,0.9954287120397243,0.797361738209182,1.1738006133211252,0.9999998006973732,1.6214965629068443,1.1996524278836997,none
0.8871916044667251,0.7868393210592436,1.5993271002096159,1.339153802001218,5.0,true,0.9849765974793474,0.6900387677736537,1.118630687453195,0.9999994555361319,1.8026846787384736,1.3391535012859392,none
1.2697983927685583,1.3240822583152136,1.2697983927685583,1.3240822583152136,5.0,true,1.0,1.2253397723638246,1.1531826779700993,0.49999999999999994,1.0,1.3240822583152136,none
1.6051726509251445,1.0656896468668244,1.6051726509251445,1.0656896468668244,5.0,true,1.0,1.548971791026475,1.4577568429286925,0.49999999999999994,1.0,1.0656896468668244,none
1.455039681804088,0.9253052887805558,1.7205595266252631,1.2324011640929842,5.0,true,0.9953067577337856,1.3095685195310847,1.451825956080901,0.9999977542415216,1.182482479239685,1.2324004744298185,none
1.1530963992240206,0.9216818194920818,1.4935888764660041,1.2002960559137983,5.0,true,0.9961337229191098,1.0045477351216887,1.2111140262517068,0.9999985263046662,1.2952849177995382,1.2002956453212983,none
1.361624065054375,1.0916387792879005,1.5957504696226832,1.037376256213647,5.0,true,0.9998528012879707,1.234094998078777,1.3526836155055022,0.9999976639211154,1.171946033886533,1.0373763829751814,none
1.1542430444941547,1.1884606492590133,1.732754387505927,1.1624287489280865,5.0,true,0.9999661181706503,0.9595697480274011,1.3172452001887454,0.9999997878732578,1.5012039908350303,1.1624287544501486,none
0.8767323391339754,0.6964629193643281,1.3158476007910507,1.2140452718176304,5.0,true,0.9867824742764815,0.7213685212016628,0.9985164071666575,0.9999997835832962,1.50085430527058,1.2140451598041637,none
0.9598168617417301,0.4804155535747271,1.8156854990418783,1.209546743159656,0.5,true,0.9973488884268804,0.74391084433663,1.2452416677468143,0.9999994714668026,1.8916994679506476,1.209546357789617,none
1.5689299115723228,1.2443419967921858,2.1827465572365456,1.1180067940936467,0.5,true,0.9999202034883252,1.337389455498595,1.7160483918510379,0.9999997648073277,1.3912325826485785,1.1180068238067606,none
1.6057179531541217,1.1789002870926204,1.6416874056798296,1.1126734928773656,0.5,true,0.9999780708188111,1.5354950689456397,1.476714583830153,0.9999936326206235,1.022400710799741,1.1126739145684892,none
1.324928734731064,0.8034145438485756,1.9780853845240391,1.458067649504559,0.5,true,0.9978617294722472,1.1015939879964933,1.5069532618015893,0.9999997858998854,1.492974824102249,1.458067509343254,none
1.9833600877196602,1.1083715377497307,1.9833600877196602,1.1083715377497307,0.5,true,1.0,1.9139179985124335,1.801212310836847,0.49999999999986006,1.0,1.1083715377497307,none
1.976728287060312,1.3973717824878382,2.0162686834263854,1.1154544302877099,0.5,true,0.9996027765559407,1.891516773059928,1.8153961780694823,0.99999286067072,1.020002806826307,1.115456442988517,none
1.4418605861006697,0.7740760809818366,1.7415162600035539,1.0771032886835572,0.5,true,0.999541085044476,1.2918469117338849,1.456843724938937,0.9999980529528627,1.2078252872349757,1.0771026986752998,none
1.8214828293254348,1.2015068978852093,2.088388347442412,1.1574154385935134,0.5,true,0.9999902798637597,1.6648632473280802,1.787338962504027,0.9999972639625735,1.1465315969804313,1.1574155592293962,none
1.8130312027310962,1.0137602298254147,1.8130312027310962,1.0137602298254147,0.5,true,1.0,1.7495527273422466,1.6465260859641602,0.49999999999999994,1.0,1.0137602298254147,none
1.3783686886555335,1.0811438423713011,1.7516575538985653,1.214586779794468,0.5,true,0.9999109728897532,1.2126264143448027,1.4331089907825827,0.9999997138106029,1.2708192383387815,1.2145867416045142,none
1.8846209928374322,1.0587054577940487,1.8846209928374322,1.0587054577940487,1.0,true,1.0,1.8186359909627108,1.7115412146178859,0.49999999999999994,1.0,1.0587054577940487,none
1.1146440754999303,0.7529773335818866,1.7275934267039912,1.1768354534854255,1.0,true,0.9982066655083538,0.9160493190601101,1.294560937780152,0.9999997940438103,1.5499057846680193,1.1768353661892221,none
1.2597940209746754,0.8339183310157912,2.0473956286827044,1.466840141884993,1.0,true,0.9960100846026437,1.0185726796452335,1.5018150197164692,0.9999998011803154,1.6251827187653864,1.4668400160476782,none
1.3550670352893477,0.6977609308143735,2.2769107647528877,1.1421680079665253,1.0,true,0.9980289185156562,1.0864579830535013,1.646113210258199,0.9999994474434285,1.6802934438559993,1.1421677624064743,none
1.7187556633453274,0.8224901134311734,1.7187556633453274,0.8224901134311734,1.0,true,1.0,1.658577995740511,1.5609086213374175,0.49999999999999994,1.0,0.8224901134311734,none
1.8691119194380361,1.1453788584029736,1.9159782409393644,1.1797967122598227,1.0,true,0.9999881543891207,1.785488681564157,1.721499770683036,0.9999942831636002,1.0250739685980528,1.179796515498583,none
1.7209358985805776,0.97502908440906,1.83254451999797,1.458701083071922,1.0,true,0.9976660779748028,1.6159539245919015,1.6190576968400339,0.9999991316893894,1.0648533885535751,1.4587006630943935,none
1.142003422719419,1.111447679007837,1.940858738333128,1.1574012677513266,1.0,true,0.9999788831308715,0.9139619723316523,1.3964793966308118,0.9999998076472283,1.699520812336433,1.1574012589120264,none
1.4286775242697742,0.9109328693720312,2.047618561965931,1.1633746357266066,1.0,true,0.9993631376847666,1.205236480869991,1.58868990527889,0.9999997750646537,1.4332264545078452,1.1633745789435306,none
1.6213298651568537,0.7084652164173503,1.9546585364386038,0.9650143366670957,1.0,true,0.9993422609842056,1.4534120532981814,1.6364244098239595,0.9999980325387836,1.2055892651050806,0.9650138319166515,none
1.345968268065379,0.9727999972822089,1.8947530015984306,0.9768544075207364,2.0,true,0.9999996712354122,1.1428559511907792,1.4819220774808286,0.9999997692418455,1.4077247732484008,0.9768544065851481,none
1.7486830382091398,1.1356305404947726,1.7899894616685654,1.157019613433968,2.0,true,0.9999908503456313,1.6714140678791851,1.609286441096122,0.9999939486025278,1.023621303915741,1.1570194840001862,none
1.3459929272516231,0.912003979254581,1.7830139997149377,1.3068012510996936,2.0,true,0.9968923981337009,1.1640690452882618,1.431760334602648,0.9999986274614621,1.3246825921495744,1.3068007092252234,none
0.6250646659889143,1.0457957779071778,1.6371242756080504,0.9684665850394303,2.0,true,0.9998804183469664,0.4497982498679929,0.972377881950108,0.9999994695638169,2.6191269925407186,0.9684666260576322,none
1.2993081035174505,0.991288231262011,2.0660403032641796,1.2679762291466732,2.0,true,0.9984712164110587,1.059574838568333,1.5307624306570897,0.9999997985946645,1.590107953030615,1.2679761734202342,none
1.395528576055961,1.2453355619787703,1.868136122044517,1.2006134025467539,2.0,true,0.9999600001893668,1.2054287660136624,1.4938630405916355,0.9999997474690138,1.3386583655464714,1.200613413840485,none
1.605977581142838,0.752190197036587,2.043445974672837,1.273114834830994,2.0,true,0.9946020495698648,1.4062901628428819,1.6696333599344257,0.9999997118384911,1.2723999840378453,1.2731146847205643,none
1.1722455579811144,0.8280095942026691,1.7543829789638954,1.1598271505931959,2.0,true,0.9978027815259034,0.9738422488740673,1.3350866537948656,0.9999997864637677,1.4966001301620868,1.159827079738125,none
1.5198920541921654,0.5609091193378812,2.0565569725516184,1.2820766434985746,2.0,true,0.9897054337173699,1.2973857763173728,1.6343523789944283,0.9999997484149545,1.3530940120795794,1.2820764620636103,none
1.3913452051594666,1.0299530128497834,2.410806346894859,1.0035461057313135,2.0,true,0.999986053704944,1.1072857894413504,1.7197811951066961,0.999999809511869,1.7327160389526057,1.003546110761516,none
1.7701014287796726,1.0666222714458733,1.831384264759063,0.908806847918087,3.0,true,0.999253392944641,1.683575647582014,1.6387301592531933,0.9999957552094564,1.0346209402750648,0.9088075178115044,none
1.842872628227869,0.7238021239794267,1.842872628227869,0.7238021239794267,3.0,true,1.0,1.7783493345308121,1.6736269353311084,0.49999999999986006,1.0,0.7238021239794267,none
1.2029204018327662,0.6750033412931564,1.820596103436556,1.1084524963360698,3.0,true,0.994395247595243,0.9930764924546004,1.377940331445849,0.9999997879736698,1.5134800022505137,1.108452404433436,none
1.4787803259287549,1.1485800596000382,1.9462976277429749,1.367952523890502,3.0,true,0.9985583537600594,1.28349989039479,1.5677054710033353,0.9999997373875562,1.316150526782761,1.3679524662805629,none
1.0760376661505586,1.124483570071333,1.7977653113880645,1.0402859490675975,3.0,true,0.999787368123083,0.8653823158500771,1.3033345165801469,0.9999998057315926,1.6707269900788417,1.0402859654245353,none
1.2875996173229638,0.6910169967306956,1.8236334331329296,1.3693626159136776,3.0,true,0.9863833945571008,1.0793575790587688,1.4196776013437236,0.9999997663161521,1.4163046364226042,1.3693624573952632,none
1.5424866474868573,0.7954262992225936,2.360980735311572,1.074424374109647,3.0,true,0.9976702436400796,1.2721324093634618,1.7788806805359674,0.9999997914084823,1.5306327405993088,1.0744243159130151,none
1.597601022039516,0.9089573222987071,1.733766128947071,1.0165522578757715,3.0,true,0.9996528244024353,1.4912987517697647,1.5196777304391509,0.9999943355242319,1.0852305010607577,1.0165516484068662,none
1.6340210007542908,1.5703149352683934,1.6340210007542908,1.5703149352683934,3.0,true,1.0,1.5768100924560795,1.4839558186877182,0.49999999999999994,1.0,1.5703149352683934,none
1.6951500021451902,0.9268422517484791,1.9921078807478583,0.9842653283455705,3.0,true,0.9999010879464852,1.5348470364988465,1.6866473961308301,0.9999977067869444,1.1751804838741045,0.9842651966622216,none
1.6633851092519185,1.0079922895297557,1.6633851092519185,1.0079922895297557,4.0,true,1.0,1.6051460946333227,1.510623186882813,0.49999999999999994,1.0,1.0079922895297557,none
1.1359709669746099,0.5069848557908024,1.727734419861303,1.287656668759523,4.0,true,0.9762022121586512,0.9228813921295936,1.3013860256366756,0.9999997832460968,1.520931733137227,1.2876564995458604,none
1.2391713528542612,0.7392468191795849,1.837320667206753,1.0684574863554794,4.0,true,0.9956835280450377,1.030821793523677,1.4035576753581074,0.9999997834766712,1.482700946452205,1.0684574150736899,none
1.5981576447050456,1.4585296238136731,1.7855977271361767,1.042667206934495,4.0,true,0.9931299220407468,1.4672483470816498,1.5439475579720208,0.9999956948017467,1.1172845971018142,1.042668997304646,none
1.2229983910009228,0.7578906666879435,1.8569995513217343,1.2926119397917106,4.0,true,0.9886922586926326,1.0040718790878922,1.4023226311892465,0.9999997868947421,1.518398903773662,1.2926118258397958,none
1.4138744268643506,1.011700729030022,2.147966521861262,1.095045198688982,4.0,true,0.9997222252717707,1.1707201676467955,1.6242411555468392,0.999999790460958,1.5192058977995697,1.0950451812250617,none
1.5950762312417839,1.0726327374370583,1.8409464481581805,1.0471258012836422,4.0,true,0.9999739766610485,1.4542316382269216,1.5710221017015353,0.9999973967598071,1.1541428378415204,1.0471258676843236,none
1.544085537078547,1.1091752294289476,1.992391480747356,1.2620210996460937,4.0,true,0.9990664007855764,1.3501352344594213,1.6189890660590072,0.9999985204034314,1.2903370762769264,1.2620208734958687,none
1.3329225699404557,1.3422263204802907,1.824492723265616,0.629489256072258,4.0,true,0.9800849148943231,1.1245907726142288,1.4405573420016058,0.9999997497910602,1.368791137171511,0.6294894344054432,none
0.9127327950747305,1.1430929853384548,1.7576455573364966,1.098144516730463,4.0,true,0.9999191920220812,0.7054706656340473,1.1963668694703211,0.9999994751417064,1.925695146883725,1.0981445403220396,none
1.9678555676107294,1.1273269333847507,2.6192983320387397,1.3854567987054929,5.0,true,0.9966795199466534,1.6987530746338628,2.098803802004182,0.9999986500002245,1.3310415132607378,1.3854564502302327,none
1.3194747818211074,0.7541282727690349,1.7976271023589578,1.0811133493300333,5.0,true,0.9946824679280313,1.1281242633396737,1.425311471534962,0.9999997538104467,1.3623807058758712,1.0811132688297234,none
1.8009461929340336,1.031464713810047,2.2220272595839723,1.169624267761337,5.0,true,0.9990465085822161,1.6003509013689605,1.8414290433239853,0.9999991167023933,1.2338108136501464,1.1696241457253338,none
1.9933947859308714,1.1345877604188375,1.9933947859308714,1.1345877604188375,5.0,true,1.0,1.9236013584000262,1.8103254426707878,0.49999999999999994,1.0,1.1345877604188375,none
1.0838850211317728,1.170551033870315,1.7285259670492361,0.9530367074578989,5.0,true,0.9976399615545083,0.8825334537504427,1.2788865664651303,0.999999427892399,1.5947499638295182,0.9530368318994984,none
1.371499055023109,1.283614314806707,1.924168194397999,1.0325819974744657,5.0,true,0.9968590369860248,1.162974734963404,1.5064958886644182,0.999999766832892,1.4029671099564214,1.032582056006945,none
1.3400808131499409,0.9165393248308946,2.005430784644685,1.2817054240361279,5.0,true,0.9933768474846749,1.109419304878292,1.5252080662276817,0.999999785025353,1.49649977966435,1.2817053455346745,none
1.824078757289949,1.3232309522227057,1.824078757289949,1.3232309522227057,5.0,true,1.0,1.7602134811008072,1.6565590554684149,0.49999999999999994,1.0,1.3232309522227057,none
1.5974254516311592,1.031838743606759,1.5974254516311592,1.031838743606759,5.0,true,1.0,1.5414958393530356,1.450721130740455,0.49999999999999994,1.0,1.031838743606759,none
1.4907579268800593,1.0974122064148708,1.8459055896928802,1.0688411860344427,5.0,true,0.9999591865766502,1.3239418455345975,1.5275368677240317,0.9999991286851084,1.2382327452121258,1.0688412109287981,none
